conv_id,utterance_idx,context,prompt,translated_prompt,speaker_idx,utterance,translated_utterance,selfeval,tags,,,
hit:0_conv:1,1,sentimental,I remember going to the fireworks with my best friend. There was a lot of people_comma_ but it only felt like us in the world.,"أتذكر ذهابي إلى الألعاب النارية مع أعز أصدقائي. كان هناك الكثير من الناس ، لكن هذا شعرنا وكأننا فقط في العالم.",1,I remember going to see the fireworks with my best friend. It was the first time we ever spent time alone together. Although there was a lot of people_comma_ we felt like the only people in the world.,"أتذكر أنني ذهبت لمشاهدة الألعاب النارية مع أعز أصدقائي. كانت هذه هي المرة الأولى التي قضينا فيها وقتًا بمفردنا معًا. على الرغم من وجود الكثير من الأشخاص ، إلا أننا شعرنا بأننا الأشخاص الوحيدون في العالم.",5|5|5_2|2|5,,,,
hit:0_conv:1,2,sentimental,I remember going to the fireworks with my best friend. There was a lot of people_comma_ but it only felt like us in the world.,"أتذكر ذهابي إلى الألعاب النارية مع أعز أصدقائي. كان هناك الكثير من الناس ، لكن هذا شعرنا وكأننا فقط في العالم.",0,Was this a friend you were in love with_comma_ or just a best friend?,هل كان هذا الصديق الذي كنت تحبه أم مجرد أفضل صديق؟,5|5|5_2|2|5,,,,
hit:0_conv:1,3,sentimental,I remember going to the fireworks with my best friend. There was a lot of people_comma_ but it only felt like us in the world.,"أتذكر ذهابي إلى الألعاب النارية مع أعز أصدقائي. كان هناك الكثير من الناس ، لكن هذا شعرنا وكأننا فقط في العالم.",1,This was a best friend. I miss her.,كان هذا أفضل صديق. اشتقت لها.,5|5|5_2|2|5,,,,
hit:0_conv:1,4,sentimental,I remember going to the fireworks with my best friend. There was a lot of people_comma_ but it only felt like us in the world.,"أتذكر ذهابي إلى الألعاب النارية مع أعز أصدقائي. كان هناك الكثير من الناس ، لكن هذا شعرنا وكأننا فقط في العالم.",0,Where has she gone?,اين ذهبت؟,5|5|5_2|2|5,,,,
hit:0_conv:1,5,sentimental,I remember going to the fireworks with my best friend. There was a lot of people_comma_ but it only felt like us in the world.,"أتذكر ذهابي إلى الألعاب النارية مع أعز أصدقائي. كان هناك الكثير من الناس ، لكن هذا شعرنا وكأننا فقط في العالم.",1,We no longer talk.,لم نعد نتحدث.,5|5|5_2|2|5,,,,
hit:0_conv:1,6,sentimental,I remember going to the fireworks with my best friend. There was a lot of people_comma_ but it only felt like us in the world.,"أتذكر ذهابي إلى الألعاب النارية مع أعز أصدقائي. كان هناك الكثير من الناس ، لكن هذا شعرنا وكأننا فقط في العالم.",0,Oh was this something that happened because of an argument?,هل كان هذا شيئًا حدث بسبب جدال؟,5|5|5_2|2|5,,,,
hit:1_conv:2,1,afraid, i used to scare for darkness,كنت أخاف من الظلام,2, it feels like hitting to blank wall when i see the darkness,أشعر وكأنني ضرب على جدار فارغ عندما أرى الظلام,4|3|4_3|5|5,,,,
hit:1_conv:2,2,afraid, i used to scare for darkness,كنت أخاف من الظلام,3,Oh ya? I don't really see how,أجل؟ أنا حقا لا أرى كيف,4|3|4_3|5|5,,,,
hit:1_conv:2,3,afraid, i used to scare for darkness,كنت أخاف من الظلام,2,dont you feel so.. its a wonder ,لا تشعر بذلك .. إنه لأمر عجيب,4|3|4_3|5|5,,,,
hit:1_conv:2,4,afraid, i used to scare for darkness,كنت أخاف من الظلام,3,I do actually hit blank walls a lot of times but i get by,أصطدم بالفعل بجدران فارغة في كثير من الأحيان لكنني أتفوق عليها,4|3|4_3|5|5,,,,
hit:1_conv:2,5,afraid, i used to scare for darkness,كنت أخاف من الظلام,2, i virtually thought so.. and i used to get sweatings,ظننت ذلك عمليا .. وكنت أتعرق,4|3|4_3|5|5,,,,
hit:1_conv:2,6,afraid, i used to scare for darkness,كنت أخاف من الظلام,3,Wait what are sweatings,انتظر ما هو العرق,4|3|4_3|5|5,,,,
hit:1_conv:3,1,proud,I showed a guy how to run a good bead in welding class and he caught on quick.,لقد أوضحت للرجل كيفية تشغيل حبة جيدة في فصل اللحام واشتعلت بسرعة.,3,Hi how are you doing today,مرحبا كيف حالك اليوم,3|5|5_4|3|4,<HI>,,,
hit:1_conv:3,2,proud,I showed a guy how to run a good bead in welding class and he caught on quick.,لقد أوضحت للرجل كيفية تشغيل حبة جيدة في فصل اللحام واشتعلت بسرعة.,2,doing good.. how about you,تفعل الخير .. ماذا عنك,3|5|5_4|3|4,,,,
hit:1_conv:3,3,proud,I showed a guy how to run a good bead in welding class and he caught on quick.,لقد أوضحت للرجل كيفية تشغيل حبة جيدة في فصل اللحام واشتعلت بسرعة.,3,Im good_comma_ trying to understand how someone can feel like hitting a blank wall when they see the darkness,"أنا بخير ، أحاول أن أفهم كيف يمكن لشخص ما أن يشعر وكأنه يصطدم بجدار فارغ عندما يرى الظلام",3|5|5_4|3|4,,,,
hit:1_conv:3,4,proud,I showed a guy how to run a good bead in welding class and he caught on quick.,لقد أوضحت للرجل كيفية تشغيل حبة جيدة في فصل اللحام واشتعلت بسرعة.,2,it's quite strange that you didnt imagine it,من الغريب أنك لم تتخيل ذلك,3|5|5_4|3|4,,,,
hit:1_conv:3,5,proud,I showed a guy how to run a good bead in welding class and he caught on quick.,لقد أوضحت للرجل كيفية تشغيل حبة جيدة في فصل اللحام واشتعلت بسرعة.,3,i dont imagine feeling a lot_comma_ maybe your on to something,"أنا لا أتخيل الشعور كثيرًا ، ربما لديك شيء ما",3|5|5_4|3|4,,,,
hit:2_conv:4,1,faithful,I have always been loyal to my wife.,لطالما كنت مخلصًا لزوجتي.,4,I have never cheated on my wife.,لم أغش زوجتي قط.,3|3|5_2|4|4,,,,
hit:2_conv:4,2,faithful,I have always been loyal to my wife.,لطالما كنت مخلصًا لزوجتي.,5,And thats something you should never do_comma_ good on you. ,"وهذا شيء يجب ألا تفعله أبدًا ، جيد عليك.",3|3|5_2|4|4,,,,
hit:2_conv:4,3,faithful,I have always been loyal to my wife.,لطالما كنت مخلصًا لزوجتي.,4,Yea it hasn't been easy but I am proud I haven't,"نعم ، لم يكن الأمر سهلاً ولكني فخور بأنني لم أفعل ذلك",3|3|5_2|4|4,,,,
hit:2_conv:4,4,faithful,I have always been loyal to my wife.,لطالما كنت مخلصًا لزوجتي.,5,What do you mean it hasn't been easy? How close have you come to cheating? ,ماذا تعني أن الأمر لم يكن سهلاً؟ ما مدى قربك من الغش؟,3|3|5_2|4|4,,,,
hit:2_conv:5,1,terrified,A recent job interview that I had made me feel very anxious because I felt like I didn't come prepared.,لقد جعلتني مقابلة عمل أجريت مؤخرًا أشعر بقلق شديد لأنني شعرت أنني لم أكن مستعدًا.,5,Job interviews always make me sweat bullets_comma_ makes me uncomfortable in general to be looked at under a microscope like that. ,"المقابلات الوظيفية تجعلني دائمًا أتعرق الرصاص ، وتجعلني غير مرتاح بشكل عام للنظر تحت المجهر من هذا القبيل.",2|4|4_3|3|5,,,,
hit:2_conv:5,2,terrified,A recent job interview that I had made me feel very anxious because I felt like I didn't come prepared.,لقد جعلتني مقابلة عمل أجريت مؤخرًا أشعر بقلق شديد لأنني شعرت أنني لم أكن مستعدًا.,4,Don't be nervous. Just be prepared.,لا تكن عصبيا. فقط كن مستعدا.,2|4|4_3|3|5,,,,
hit:2_conv:5,3,terrified,A recent job interview that I had made me feel very anxious because I felt like I didn't come prepared.,لقد جعلتني مقابلة عمل أجريت مؤخرًا أشعر بقلق شديد لأنني شعرت أنني لم أكن مستعدًا.,5,I feel like getting prepared and then having a curve ball thrown at you throws you off. ,أشعر بالرغبة في الاستعداد ثم إلقاء كرة منحنية عليك.,2|4|4_3|3|5,,,,
hit:2_conv:5,4,terrified,A recent job interview that I had made me feel very anxious because I felt like I didn't come prepared.,لقد جعلتني مقابلة عمل أجريت مؤخرًا أشعر بقلق شديد لأنني شعرت أنني لم أكن مستعدًا.,4,Yes but if you stay calm it will be ok.,"نعم ، لكن إذا بقيت هادئًا فسيكون الأمر على ما يرام.",2|4|4_3|3|5,,,,
hit:2_conv:5,5,terrified,A recent job interview that I had made me feel very anxious because I felt like I didn't come prepared.,لقد جعلتني مقابلة عمل أجريت مؤخرًا أشعر بقلق شديد لأنني شعرت أنني لم أكن مستعدًا.,5,It's hard to stay clam. How do you do it? ,من الصعب البقاء هادئًا. كيف يمكنك أن تفعل ذلك؟,2|4|4_3|3|5,,,,
hit:3_conv:7,1,joyful,I am very happy to have been first over 300 students during this years at my enginering school,يسعدني جدًا أن أكون أول أكثر من 300 طالب خلال هذه السنوات في مدرستي الهندسية,7,Hi_comma_ this year_comma_ I was the first over 300 students at my enginering school,"مرحبًا ، هذا العام ، كنت أول أكثر من 300 طالب في مدرستي الهندسية",5|5|5_4|5|5,<HI>,,,
hit:3_conv:7,2,joyful,I am very happy to have been first over 300 students during this years at my enginering school,يسعدني جدًا أن أكون أول أكثر من 300 طالب خلال هذه السنوات في مدرستي الهندسية,6,Sounds great! So what's your major?,يبدو عظيما! إذن ما هو تخصصك؟,5|5|5_4|5|5,,,,
hit:3_conv:7,3,joyful,I am very happy to have been first over 300 students during this years at my enginering school,يسعدني جدًا أن أكون أول أكثر من 300 طالب خلال هذه السنوات في مدرستي الهندسية,7,It is computer science. I am very happy of this achievement and my family is very proud.,إنه علم الحاسوب. أنا سعيد جدًا بهذا الإنجاز وعائلتي فخورة جدًا به.,5|5|5_4|5|5,,,,
hit:3_conv:7,4,joyful,I am very happy to have been first over 300 students during this years at my enginering school,يسعدني جدًا أن أكون أول أكثر من 300 طالب خلال هذه السنوات في مدرستي الهندسية,6,Well pleased. You should be having brains_comma_man!That's a tough course_comma_i hear.,"يسر بشكل جيد. يجب أن يكون لديك عقول يا رجل ، هذا مسار صعب ، أسمع.",5|5|5_4|5|5,,,,
hit:4_conv:8,1,angry,I once lost my job and got mad.,لقد فقدت وظيفتي ذات مرة وأصبت بالجنون.,4,I lost my job last year and got really angry.,لقد فقدت وظيفتي العام الماضي وغضبت حقًا.,3|5|5_5|5|5,,,,
hit:4_conv:8,2,angry,I once lost my job and got mad.,لقد فقدت وظيفتي ذات مرة وأصبت بالجنون.,8,I am sorry to hear that. Did it happen out of the blue?,أنا آسف لسماع هذا. هل حدث ذلك فجأة؟,3|5|5_5|5|5,,,,
hit:4_conv:8,3,angry,I once lost my job and got mad.,لقد فقدت وظيفتي ذات مرة وأصبت بالجنون.,4,Yes_comma_ it was a complete surprise.,"نعم ، كانت مفاجأة كاملة.",3|5|5_5|5|5,,,,
hit:4_conv:8,4,angry,I once lost my job and got mad.,لقد فقدت وظيفتي ذات مرة وأصبت بالجنون.,8,I am sorry to hear that. I hope it turned out to be a blessing in decise.,أنا آسف لسماع هذا. آمل أن تكون نعمة في الحسم.,3|5|5_5|5|5,,,,
hit:5_conv:10,1,sad,One year during christmas_comma_ i did not get a single gift. It was a rough day for me.,"سنة واحدة خلال الكريسماس ، لم أحصل على هدية واحدة. كان يومًا عصيبًا بالنسبة لي.",9,During christmas a few years ago_comma_ I did not get any presents.,"خلال عيد الميلاد قبل بضع سنوات ، لم أحصل على أي هدايا.",5|1|5_5|5|5,,,,
hit:5_conv:10,2,sad,One year during christmas_comma_ i did not get a single gift. It was a rough day for me.,"سنة واحدة خلال الكريسماس ، لم أحصل على هدية واحدة. كان يومًا عصيبًا بالنسبة لي.",10,Wow_comma_ that must be terrible_comma_ I cannot imagine_comma_ I lvoe christmas,"واو ، يجب أن يكون هذا فظيعًا ، لا أستطيع أن أتخيل ، أنا أحب عيد الميلاد",5|1|5_5|5|5,,,,
hit:5_conv:10,3,sad,One year during christmas_comma_ i did not get a single gift. It was a rough day for me.,"سنة واحدة خلال الكريسماس ، لم أحصل على هدية واحدة. كان يومًا عصيبًا بالنسبة لي.",9,Since that day christmas has not been a good time for me. As I have no family_comma_ christmas is always the worst.,"منذ ذلك اليوم ، لم يكن عيد الميلاد هو الوقت المناسب لي. بما أنه ليس لدي عائلة ، فإن عيد الميلاد هو الأسوأ دائمًا.",5|1|5_5|5|5,,,,
hit:5_conv:10,4,sad,One year during christmas_comma_ i did not get a single gift. It was a rough day for me.,"سنة واحدة خلال الكريسماس ، لم أحصل على هدية واحدة. كان يومًا عصيبًا بالنسبة لي.",10,Wow_comma_ I am sorry to hear that_comma_ I wish I could make it a better holiday for you!,"واو ، أنا آسف لسماع ذلك ، أتمنى أن أجعلها عطلة أفضل لك!",5|1|5_5|5|5,,,,
hit:5_conv:10,5,sad,One year during christmas_comma_ i did not get a single gift. It was a rough day for me.,"سنة واحدة خلال الكريسماس ، لم أحصل على هدية واحدة. كان يومًا عصيبًا بالنسبة لي.",9,Some days are just days that you never forget. I wish you could as well.,بعض الأيام هي مجرد أيام لا تنساها أبدًا. أتمنى أن تستطيع كذلك.,5|1|5_5|5|5,,,,
hit:5_conv:11,1,jealous,I was at work_comma_ and my coworker was called into my bosses office. Then they were allowed to work remotely every monday. this made me jealous because I enjoy working from home,"كنت في العمل ، وتم استدعاء زميلي في مكتب مديري. ثم سُمح لهم بالعمل عن بعد كل يوم اثنين. هذا جعلني أشعر بالغيرة لأنني أستمتع بالعمل من المنزل",10,My coworker is allowed to work remotely_comma_ but I am not...,"يُسمح لزملائي بالعمل عن بُعد ، لكنني لست كذلك ...",5|5|5_5|1|5,,,,
hit:5_conv:11,2,jealous,I was at work_comma_ and my coworker was called into my bosses office. Then they were allowed to work remotely every monday. this made me jealous because I enjoy working from home,"كنت في العمل ، وتم استدعاء زميلي في مكتب مديري. ثم سُمح لهم بالعمل عن بعد كل يوم اثنين. هذا جعلني أشعر بالغيرة لأنني أستمتع بالعمل من المنزل",9,I work remotely_comma_ I wish that you could do something like that as well.,"أنا أعمل عن بعد ، وأتمنى أن تفعل شيئًا كهذا أيضًا.",5|5|5_5|1|5,,,,
hit:5_conv:11,3,jealous,I was at work_comma_ and my coworker was called into my bosses office. Then they were allowed to work remotely every monday. this made me jealous because I enjoy working from home,"كنت في العمل ، وتم استدعاء زميلي في مكتب مديري. ثم سُمح لهم بالعمل عن بعد كل يوم اثنين. هذا جعلني أشعر بالغيرة لأنني أستمتع بالعمل من المنزل",10,I do too_comma_ it is unfortnuate because_comma_ unbiased_comma_ I am our best performer_comma_ so it is curious,"أنا أفعل ذلك أيضًا ، إنه أمر مؤسف لأنني ، غير متحيز ، أفضل مؤدي لدينا ، لذا فهو مثير للفضول",5|5|5_5|1|5,,,,
hit:5_conv:11,4,jealous,I was at work_comma_ and my coworker was called into my bosses office. Then they were allowed to work remotely every monday. this made me jealous because I enjoy working from home,"كنت في العمل ، وتم استدعاء زميلي في مكتب مديري. ثم سُمح لهم بالعمل عن بعد كل يوم اثنين. هذا جعلني أشعر بالغيرة لأنني أستمتع بالعمل من المنزل",9,Sometimes in life_comma_ it is not about performance. Some people just get a shiner spoon.,"في بعض الأحيان في الحياة ، لا يتعلق الأمر بالأداء. بعض الناس يحصلون على ملعقة لامع.",5|5|5_5|1|5,,,,
hit:6_conv:13,1,terrified,I was home alone. I heard a loud noise come from the kitchen. ,كنت في المنزل وحدي. سمعت ضجيجًا عاليًا يأتي من المطبخ.,11,The other night I was alone and heard a nose coming from the kitchen... it was creepy. ,في الليلة الماضية كنت وحدي وسمعت أنفًا يخرج من المطبخ ... كان زاحفًا.,1|5|5_I have clicked the 'End Chat' button thank you!|4|5,,,,
hit:7_conv:14,1,grateful,I went to a park and I set on a bench. I didn't notice that my wallet felt. A man came to me from behind giving me back my wallet.,ذهبت إلى حديقة وجلست على مقعد. لم ألاحظ أن محفظتي شعرت. جاءني رجل من الخلف وأعاد لي محفظتي.,7,Hi_comma_ I went to a park and I set on a bench. I didn't notice that my wallet felt. A man came to me from behind giving me back my wallet.,"مرحبًا ، ذهبت إلى حديقة وجلست على مقعد. لم ألاحظ أن محفظتي شعرت. جاءني رجل من الخلف وأعاد لي محفظتي.",5|5|5_5|4|5,<HI>,,,
hit:7_conv:14,2,grateful,I went to a park and I set on a bench. I didn't notice that my wallet felt. A man came to me from behind giving me back my wallet.,ذهبت إلى حديقة وجلست على مقعد. لم ألاحظ أن محفظتي شعرت. جاءني رجل من الخلف وأعاد لي محفظتي.,5,Thats a sweet man_comma_ I hope you acknowledged his kind gesture. ,"هذا رجل لطيف ، أتمنى أن تكون قد اعترفت بلفتة اللطيفة.",5|5|5_5|4|5,,,,
hit:7_conv:14,3,grateful,I went to a park and I set on a bench. I didn't notice that my wallet felt. A man came to me from behind giving me back my wallet.,ذهبت إلى حديقة وجلست على مقعد. لم ألاحظ أن محفظتي شعرت. جاءني رجل من الخلف وأعاد لي محفظتي.,7,Yes_comma_ I did. I was so grateful because I have a lot of money in my wallet.,نعم فعلت. كنت ممتنًا جدًا لأن لدي الكثير من المال في محفظتي.,5|5|5_5|4|5,,,,
hit:7_conv:14,4,grateful,I went to a park and I set on a bench. I didn't notice that my wallet felt. A man came to me from behind giving me back my wallet.,ذهبت إلى حديقة وجلست على مقعد. لم ألاحظ أن محفظتي شعرت. جاءني رجل من الخلف وأعاد لي محفظتي.,5,Their aren't that many well rounded people in the world these days so when you see one you should always show appreciation! ,"هؤلاء ليسوا الكثير من الأشخاص ذوي الخبرة الجيدة في العالم هذه الأيام ، لذلك عندما ترى شخصًا ، يجب أن تظهر تقديرك دائمًا!",5|5|5_5|4|5,,,,
hit:7_conv:15,1,sad,I got recently got three rejection letters for 3 different jobs in a matter of a week and a half. That was a painful experience. ,تلقيت مؤخرًا ثلاثة خطابات رفض لثلاث وظائف مختلفة في غضون أسبوع ونصف. كانت تلك تجربة مؤلمة.,5,People get rejected all the time but it shouldn't be an excuse to let it dissuade you from reaching your goals.,يتم رفض الأشخاص طوال الوقت ولكن لا ينبغي أن يكون ذلك عذرًا لتثنيك عن الوصول إلى أهدافك.,5|4|5_5|5|5,,,,
hit:7_conv:15,2,sad,I got recently got three rejection letters for 3 different jobs in a matter of a week and a half. That was a painful experience. ,تلقيت مؤخرًا ثلاثة خطابات رفض لثلاث وظائف مختلفة في غضون أسبوع ونصف. كانت تلك تجربة مؤلمة.,7,What happened?,ماذا حدث؟,5|4|5_5|5|5,,,,
hit:7_conv:15,3,sad,I got recently got three rejection letters for 3 different jobs in a matter of a week and a half. That was a painful experience. ,تلقيت مؤخرًا ثلاثة خطابات رفض لثلاث وظائف مختلفة في غضون أسبوع ونصف. كانت تلك تجربة مؤلمة.,5,Got rejected from a place I wanted to work_comma_ not once but three times ,رفضت من مكان أردت العمل فيه ليس مرة واحدة بل ثلاث مرات,5|4|5_5|5|5,,,,
hit:7_conv:15,4,sad,I got recently got three rejection letters for 3 different jobs in a matter of a week and a half. That was a painful experience. ,تلقيت مؤخرًا ثلاثة خطابات رفض لثلاث وظائف مختلفة في غضون أسبوع ونصف. كانت تلك تجربة مؤلمة.,7,I am sorry to hear that. I hope you find a better opportunity. Did you know why they rejected you?,أنا آسف لسماع هذا. أتمنى أن تجد فرصة أفضل. هل تعلم لماذا رفضوك؟,5|4|5_5|5|5,,,,
hit:7_conv:15,5,sad,I got recently got three rejection letters for 3 different jobs in a matter of a week and a half. That was a painful experience. ,تلقيت مؤخرًا ثلاثة خطابات رفض لثلاث وظائف مختلفة في غضون أسبوع ونصف. كانت تلك تجربة مؤلمة.,5,Thanks_comma_ they gave me the same generic lines you always hear. ,"شكرًا ، لقد أعطوني نفس الخطوط العامة التي تسمعها دائمًا.",5|4|5_5|5|5,,,,
hit:8_conv:16,1,prepared,I had my entire house boarded up when the hurricane came.,كان منزلي بالكامل مغلقا عندما جاء الإعصار.,4,I had to board my entire house when the hurricane was coming.,اضطررت إلى الصعود إلى منزلي بالكامل عندما كان الإعصار قادمًا.,3|4|5_5|5|5,,,,
hit:8_conv:16,2,prepared,I had my entire house boarded up when the hurricane came.,كان منزلي بالكامل مغلقا عندما جاء الإعصار.,8,WOW! Did it do any damage?,رائع! هل تسببت في أي ضرر؟,3|4|5_5|5|5,,,,
hit:8_conv:16,3,prepared,I had my entire house boarded up when the hurricane came.,كان منزلي بالكامل مغلقا عندما جاء الإعصار.,4,No luckily the house was ok.,لا لحسن الحظ كان المنزل على ما يرام.,3|4|5_5|5|5,,,,
hit:8_conv:16,4,prepared,I had my entire house boarded up when the hurricane came.,كان منزلي بالكامل مغلقا عندما جاء الإعصار.,8,That is great. I would have been scared to death. Was it recent?,هذا عظيم. كنت سأخاف حتى الموت. هل كانت حديثة؟,3|4|5_5|5|5,,,,
hit:9_conv:19,1,embarrassed,one time when I was in preschool_comma_ I had to write on the board. when I got up_comma_ my pants fell down in front of the class_comma_ that embarassed me,"ذات مرة عندما كنت في مرحلة ما قبل المدرسة ، كان علي أن أكتب على السبورة. عندما نهضت ، سقط سروالي أمام الفصل ، مما أحرجني",10,Once when I was in preschool_comma_ my pants fell down in front of the whole class_comma_ I was so embarassed,"ذات مرة عندما كنت في مرحلة ما قبل المدرسة ، سقطت سروالي أمام الفصل بأكمله ، شعرت بالحرج الشديد",5|5|5_4|4|3,,,,
hit:9_conv:19,2,embarrassed,one time when I was in preschool_comma_ I had to write on the board. when I got up_comma_ my pants fell down in front of the class_comma_ that embarassed me,"ذات مرة عندما كنت في مرحلة ما قبل المدرسة ، كان علي أن أكتب على السبورة. عندما نهضت ، سقط سروالي أمام الفصل ، مما أحرجني",12,haha yeah that would be very bad !,هاها نعم سيكون ذلك سيئا للغاية!,5|5|5_4|4|3,,,,
hit:9_conv:19,3,embarrassed,one time when I was in preschool_comma_ I had to write on the board. when I got up_comma_ my pants fell down in front of the class_comma_ that embarassed me,"ذات مرة عندما كنت في مرحلة ما قبل المدرسة ، كان علي أن أكتب على السبورة. عندما نهضت ، سقط سروالي أمام الفصل ، مما أحرجني",10,It was_comma_ I almost cried cause everyone was laughing at me,كدت أبكي لأن الجميع كان يضحك علي,5|5|5_4|4|3,,,,
hit:9_conv:19,4,embarrassed,one time when I was in preschool_comma_ I had to write on the board. when I got up_comma_ my pants fell down in front of the class_comma_ that embarassed me,"ذات مرة عندما كنت في مرحلة ما قبل المدرسة ، كان علي أن أكتب على السبورة. عندما نهضت ، سقط سروالي أمام الفصل ، مما أحرجني",12,Oh no _comma_ sorry to hear that happened to you :(,"أوه لا ، آسف لسماع ما حدث لك :(",5|5|5_4|4|3,,,,
hit:10_conv:21,1,angry,I am so upset and mad. I cant believe what has happened!,أنا مستاء جدا ومجنون. لا أستطيع أن أصدق ما حدث!,14,I never thought things would go like this.,لم اعتقد ابدا الامور ستسير على هذا النحو.,2|2|1_2|2|5,,,,
hit:10_conv:21,2,angry,I am so upset and mad. I cant believe what has happened!,أنا مستاء جدا ومجنون. لا أستطيع أن أصدق ما حدث!,13,What happened for you to feel that way?,ماذا حدث لك لتشعر بهذه الطريقة؟,2|2|1_2|2|5,,,,
hit:10_conv:21,3,angry,I am so upset and mad. I cant believe what has happened!,أنا مستاء جدا ومجنون. لا أستطيع أن أصدق ما حدث!,14,I was at the beach and a hurricane changed track and was coming straight at us. My boyfriend didnt want to leave because we were on the second day only of our vacation.,كنت على الشاطئ وغيّر الإعصار مساره وكان يتجه نحونا مباشرة. لم يرغب صديقي في المغادرة لأننا كنا في اليوم الثاني فقط من إجازتنا.,2|2|1_2|2|5,,,,
hit:10_conv:21,4,angry,I am so upset and mad. I cant believe what has happened!,أنا مستاء جدا ومجنون. لا أستطيع أن أصدق ما حدث!,13,Oh that does sound terrible. What did you guys decide to do?,أوه هذا يبدو فظيعا. ماذا قررتم يا رفاق أن تفعل؟,2|2|1_2|2|5,,,,
hit:10_conv:21,5,angry,I am so upset and mad. I cant believe what has happened!,أنا مستاء جدا ومجنون. لا أستطيع أن أصدق ما حدث!,14,Well we ended up leaving I was too scared to stay and was really upset.,"حسنًا ، انتهينا من المغادرة كنت خائفًا جدًا من البقاء وكنت مستاءًا حقًا.",2|2|1_2|2|5,,,,
hit:11_conv:22,1,afraid,Last year a tree fell on my house while my family was at home. The tree broke through the ceiling just a few feet away from my daughter. The experience was terrifying.,"في العام الماضي ، سقطت شجرة على منزلي بينما كانت عائلتي في المنزل. اخترقت الشجرة السقف على بعد بضعة أقدام من ابنتي. كانت التجربة مرعبة.",15,What a difference a year makes. Last year one evening my family was at home when a tree fell on the house and broke through the ceiling.,"ما الفرق الذي يحدثه العام. في إحدى الأمسيات من العام الماضي ، كانت عائلتي في المنزل عندما سقطت شجرة على المنزل واخترقت السقف.",5|5|5_4|5|5,,,,
hit:11_conv:22,2,afraid,Last year a tree fell on my house while my family was at home. The tree broke through the ceiling just a few feet away from my daughter. The experience was terrifying.,"في العام الماضي ، سقطت شجرة على منزلي بينما كانت عائلتي في المنزل. اخترقت الشجرة السقف على بعد بضعة أقدام من ابنتي. كانت التجربة مرعبة.",16,That's very scary. I hope no one got hurt.,هذا مخيف جدا. آمل ألا يصاب أحد بأذى.,5|5|5_4|5|5,,,,
hit:11_conv:22,3,afraid,Last year a tree fell on my house while my family was at home. The tree broke through the ceiling just a few feet away from my daughter. The experience was terrifying.,"في العام الماضي ، سقطت شجرة على منزلي بينما كانت عائلتي في المنزل. اخترقت الشجرة السقف على بعد بضعة أقدام من ابنتي. كانت التجربة مرعبة.",15,We were OK_comma_ though the tree broke through only a few feet away from my daughter.,"كنا على ما يرام ، على الرغم من أن الشجرة اخترقت على بعد أقدام قليلة من ابنتي.",5|5|5_4|5|5,,,,
hit:11_conv:22,4,afraid,Last year a tree fell on my house while my family was at home. The tree broke through the ceiling just a few feet away from my daughter. The experience was terrifying.,"في العام الماضي ، سقطت شجرة على منزلي بينما كانت عائلتي في المنزل. اخترقت الشجرة السقف على بعد بضعة أقدام من ابنتي. كانت التجربة مرعبة.",16,So happy everyone was fine!! Everything else can be fixed.,سعداء جدا الجميع بخير !! يمكن إصلاح كل شيء آخر.,5|5|5_4|5|5,,,,
hit:11_conv:22,5,afraid,Last year a tree fell on my house while my family was at home. The tree broke through the ceiling just a few feet away from my daughter. The experience was terrifying.,"في العام الماضي ، سقطت شجرة على منزلي بينما كانت عائلتي في المنزل. اخترقت الشجرة السقف على بعد بضعة أقدام من ابنتي. كانت التجربة مرعبة.",15,Indeed. We were out of the house for five months while repairs were being done_comma_ but now the house is better than ever.,"في الواقع. كنا خارج المنزل لمدة خمسة أشهر أثناء إجراء الإصلاحات ، ولكن المنزل الآن أفضل من أي وقت مضى.",5|5|5_4|5|5,,,,
hit:11_conv:22,6,afraid,Last year a tree fell on my house while my family was at home. The tree broke through the ceiling just a few feet away from my daughter. The experience was terrifying.,"في العام الماضي ، سقطت شجرة على منزلي بينما كانت عائلتي في المنزل. اخترقت الشجرة السقف على بعد بضعة أقدام من ابنتي. كانت التجربة مرعبة.",16,So good to hear. Might want to trim some trees lol,من الجيد سماع ذلك. قد ترغب في تقليم بعض الأشجار لول,5|5|5_4|5|5,,,,
hit:11_conv:23,1,excited,Last week_comma_ I was watching the world cup_comma_ and watched croatia win from russia,"في الأسبوع الماضي ، كنت أشاهد كأس العالم ، وشاهدت كرواتيا تفوز من روسيا",16,So last week we were watching the world cup_comma_ and lo and behold_comma_ Croatia beat the host country_comma_ Russia,"في الأسبوع الماضي كنا نشاهد كأس العالم ، وها هي كرواتيا تغلبت على الدولة المضيفة ، روسيا",4|5|5_5|5|5,,,,
hit:11_conv:23,2,excited,Last week_comma_ I was watching the world cup_comma_ and watched croatia win from russia,"في الأسبوع الماضي ، كنت أشاهد كأس العالم ، وشاهدت كرواتيا تفوز من روسيا",15,I saw that game. They won on penalty kicks!,رأيت تلك اللعبة. لقد فازوا بركلات الترجيح!,4|5|5_5|5|5,,,,
hit:11_conv:23,3,excited,Last week_comma_ I was watching the world cup_comma_ and watched croatia win from russia,"في الأسبوع الماضي ، كنت أشاهد كأس العالم ، وشاهدت كرواتيا تفوز من روسيا",16,Yes! Both countries were not about to let each other win,نعم! كلا البلدين لم يكن على وشك السماح لبعضهما البعض بالفوز,4|5|5_5|5|5,,,,
hit:11_conv:23,4,excited,Last week_comma_ I was watching the world cup_comma_ and watched croatia win from russia,"في الأسبوع الماضي ، كنت أشاهد كأس العالم ، وشاهدت كرواتيا تفوز من روسيا",15,It was very tense. The other game with England and Sweden was not nearly as nerve-wracking.,كان متوترا جدا. المباراة الأخرى مع إنجلترا والسويد لم تكن محطمة للأعصاب.,4|5|5_5|5|5,,,,
hit:11_conv:23,5,excited,Last week_comma_ I was watching the world cup_comma_ and watched croatia win from russia,"في الأسبوع الماضي ، كنت أشاهد كأس العالم ، وشاهدت كرواتيا تفوز من روسيا",16,You're right. I prefer nerve-wrecking matches. When both teams are great_comma_ the tension really builds.,"أنت على حق. أنا أفضل المباريات التي تدمر الأعصاب. عندما يكون الفريقان رائعين ، يزداد التوتر حقًا.",4|5|5_5|5|5,,,,
hit:12_conv:24,1,annoyed,I have someone always asking me questions about how to use mobile.,لدي شخص يسألني دائمًا أسئلة حول كيفية استخدام الهاتف المحمول.,7,Hi_comma_ I have a co work always asking me questions about how to use her mobile. It is almost always the same questions.,"مرحبًا ، لديّ زميل عمل يسألني دائمًا أسئلة حول كيفية استخدام هاتفها المحمول. دائما تقريبا نفس الأسئلة.",5|5|5_4|5|5,<HI>,,,
hit:12_conv:24,2,annoyed,I have someone always asking me questions about how to use mobile.,لدي شخص يسألني دائمًا أسئلة حول كيفية استخدام الهاتف المحمول.,17,It must be so frustrating to have to answer the same thing over and over. Is she older?,يجب أن يكون الأمر محبطًا للغاية أن تضطر إلى الإجابة على نفس الشيء مرارًا وتكرارًا. هل هي أكبر سنًا؟,5|5|5_4|5|5,,,,
hit:12_conv:24,3,annoyed,I have someone always asking me questions about how to use mobile.,لدي شخص يسألني دائمًا أسئلة حول كيفية استخدام الهاتف المحمول.,7,Yes_comma_ she is. She is telling that all the cell phone that she has been using have deleting her contacts.,نعم هي. إنها تخبر أن جميع الهواتف المحمولة التي كانت تستخدمها قد حذفت جهات الاتصال الخاصة بها.,5|5|5_4|5|5,,,,
hit:12_conv:24,4,annoyed,I have someone always asking me questions about how to use mobile.,لدي شخص يسألني دائمًا أسئلة حول كيفية استخدام الهاتف المحمول.,17,My aunt does the same thing! I think what she is doing is accidentally deleting texts_comma_ and she doesn't understand how to check her contacts list. What do you think is happening with your co-worker?,"عمتي تفعل نفس الشيء! أعتقد أن ما تفعله هو حذف النصوص عن طريق الخطأ ، ولا تفهم كيفية التحقق من قائمة جهات الاتصال الخاصة بها. ما رأيك يحدث مع زميلك في العمل؟",5|5|5_4|5|5,,,,
hit:12_conv:25,1,angry,I spent all weekend working on my truck to fix a miss in the engine. Despite spending over $200 in parts_comma_ it didn't do a thing to fix the miss.,"قضيت عطلة نهاية الأسبوع كلها في العمل على شاحنتي لإصلاح خطأ في المحرك. على الرغم من إنفاق أكثر من 200 دولار على أجزاء ، إلا أنه لم يفعل شيئًا لإصلاح الخطأ.",17,I worked on my truck all weekend. Spent $215 on parts and a special tool. Still did not fix the miss in the engine.,عملت في شاحنتي طوال عطلة نهاية الأسبوع. أنفق 215 دولارًا على قطع الغيار وأداة خاصة. ما زال لم يصلح الخطأ في المحرك.,4|5|5_5|5|5,,,,
hit:12_conv:25,2,angry,I spent all weekend working on my truck to fix a miss in the engine. Despite spending over $200 in parts_comma_ it didn't do a thing to fix the miss.,"قضيت عطلة نهاية الأسبوع كلها في العمل على شاحنتي لإصلاح خطأ في المحرك. على الرغم من إنفاق أكثر من 200 دولار على أجزاء ، إلا أنه لم يفعل شيئًا لإصلاح الخطأ.",7,What is the problem with the engine?,ما هي مشكلة المحرك؟,4|5|5_5|5|5,,,,
hit:12_conv:25,3,angry,I spent all weekend working on my truck to fix a miss in the engine. Despite spending over $200 in parts_comma_ it didn't do a thing to fix the miss.,"قضيت عطلة نهاية الأسبوع كلها في العمل على شاحنتي لإصلاح خطأ في المحرك. على الرغم من إنفاق أكثر من 200 دولار على أجزاء ، إلا أنه لم يفعل شيئًا لإصلاح الخطأ.",17,It has a miss. Sometimes when you are driving it sputters and jerks and barely has any power. Other times it drives just fine. I have replaced so many things on it and nothing makes a difference for very long.,"لديها ملكة جمال. في بعض الأحيان ، عندما تقودها ، تنفجر وتهتز وبالكاد تمتلك أي قوة. في أوقات أخرى يقود على ما يرام. لقد استبدلت الكثير من الأشياء فيه ولا شيء يحدث فرقًا لفترة طويلة جدًا.",4|5|5_5|5|5,,,,
hit:12_conv:25,4,angry,I spent all weekend working on my truck to fix a miss in the engine. Despite spending over $200 in parts_comma_ it didn't do a thing to fix the miss.,"قضيت عطلة نهاية الأسبوع كلها في العمل على شاحنتي لإصلاح خطأ في المحرك. على الرغم من إنفاق أكثر من 200 دولار على أجزاء ، إلا أنه لم يفعل شيئًا لإصلاح الخطأ.",7,Sorry to hear that. I hope you find what is the problem with the engine.,آسف لسماع ذلك. أتمنى أن تجد ما هي مشكلة المحرك.,4|5|5_5|5|5,,,,
hit:13_conv:26,1,lonely,A few years ago_comma_ my marriage broke up_comma_ and I found myself living alone for the first time in my life. Though I eventually grew accustomed to the solitude_comma_ it took a while to get used to it.,"قبل بضع سنوات انفصل زواجي ووجدت نفسي أعيش وحدي لأول مرة في حياتي. على الرغم من أنني اعتدت أخيرًا على العزلة ، فقد استغرق الأمر بعض الوقت لأعتاد عليها.",15,I found myself divorced a few years ago_comma_ and for the first time in my life_comma_ I was living alone.,"وجدت نفسي مطلقة منذ بضع سنوات ، ولأول مرة في حياتي كنت أعيش وحدي.",3|3|3_4|4|5,,,,
hit:13_conv:26,2,lonely,A few years ago_comma_ my marriage broke up_comma_ and I found myself living alone for the first time in my life. Though I eventually grew accustomed to the solitude_comma_ it took a while to get used to it.,"قبل بضع سنوات انفصل زواجي ووجدت نفسي أعيش وحدي لأول مرة في حياتي. على الرغم من أنني اعتدت أخيرًا على العزلة ، فقد استغرق الأمر بعض الوقت لأعتاد عليها.",18,I felt sad and depressed due to my insecurities and felt rejected from society,شعرت بالحزن والاكتئاب بسبب شعوري بعدم الأمان وشعرت بالرفض من المجتمع,3|3|3_4|4|5,,,,
hit:13_conv:26,3,lonely,A few years ago_comma_ my marriage broke up_comma_ and I found myself living alone for the first time in my life. Though I eventually grew accustomed to the solitude_comma_ it took a while to get used to it.,"قبل بضع سنوات انفصل زواجي ووجدت نفسي أعيش وحدي لأول مرة في حياتي. على الرغم من أنني اعتدت أخيرًا على العزلة ، فقد استغرق الأمر بعض الوقت لأعتاد عليها.",15,Yes_comma_ I felt that way for a while. But then I grew used to the solitude.,"نعم ، شعرت بهذه الطريقة لفترة من الوقت. لكن بعد ذلك اعتدت على العزلة.",3|3|3_4|4|5,,,,
hit:13_conv:26,4,lonely,A few years ago_comma_ my marriage broke up_comma_ and I found myself living alone for the first time in my life. Though I eventually grew accustomed to the solitude_comma_ it took a while to get used to it.,"قبل بضع سنوات انفصل زواجي ووجدت نفسي أعيش وحدي لأول مرة في حياتي. على الرغم من أنني اعتدت أخيرًا على العزلة ، فقد استغرق الأمر بعض الوقت لأعتاد عليها.",18,The problem is I don't think you can grew out of my specific insecurity.,المشكلة هي أنني لا أعتقد أنه يمكنك الخروج من حالة عدم الأمان الخاصة بي.,3|3|3_4|4|5,,,,
hit:13_conv:27,1,proud,I felt proud when I had accomplished a dream that I wanted to do for a long time. ,شعرت بالفخر عندما حققت حلمًا كنت أرغب في تحقيقه لفترة طويلة.,18,I felt proud when I had accomplished a dream that I wanted to do for a long time. It was absailing!!,شعرت بالفخر عندما حققت حلمًا كنت أرغب في تحقيقه لفترة طويلة. كان الغياب !!,4|4|5_3|3|3,,,,
hit:13_conv:27,2,proud,I felt proud when I had accomplished a dream that I wanted to do for a long time. ,شعرت بالفخر عندما حققت حلمًا كنت أرغب في تحقيقه لفترة طويلة.,15,I'm not familiar with abseiling_comma_ but I'm glad that you felt good about it.,"لست معتادًا على ممارسة رياضة الهبوط من قمم الجبال ، لكنني سعيد لأنك شعرت بالرضا حيال ذلك.",4|4|5_3|3|3,,,,
hit:13_conv:27,3,proud,I felt proud when I had accomplished a dream that I wanted to do for a long time. ,شعرت بالفخر عندما حققت حلمًا كنت أرغب في تحقيقه لفترة طويلة.,18,absailing_comma_ its when you rappeling down a building. What have you down that amazing?,"الغياب ، عندما تهبط على أحد المباني. ماذا لديك أسفل هذا المذهل؟",4|4|5_3|3|3,,,,
hit:13_conv:27,4,proud,I felt proud when I had accomplished a dream that I wanted to do for a long time. ,شعرت بالفخر عندما حققت حلمًا كنت أرغب في تحقيقه لفترة طويلة.,15,Oh_comma_ I see. No_comma_ I've never done that.,"حسنا أرى ذلك. لا ، لم أفعل ذلك قط.",4|4|5_3|3|3,,,,
hit:13_conv:27,5,proud,I felt proud when I had accomplished a dream that I wanted to do for a long time. ,شعرت بالفخر عندما حققت حلمًا كنت أرغب في تحقيقه لفترة طويلة.,18,so what have you done?,اذا ماذا فعلت,4|4|5_3|3|3,,,,
hit:14_conv:28,1,sentimental,When I spend time with my father outside by the fire when we are camping.,عندما أقضي الوقت مع والدي في الخارج بالقرب من النار عندما كنا نخيم.,19,Hello,مرحبا,4|5|4_4|5|5,<HI> <UNIGRAM>,,,
hit:14_conv:28,2,sentimental,When I spend time with my father outside by the fire when we are camping.,عندما أقضي الوقت مع والدي في الخارج بالقرب من النار عندما كنا نخيم.,20,Hello! I am in such a good mood since I got my new home.,مرحبا! أنا في مزاج جيد منذ أن وصلت إلى منزلي الجديد.,4|5|4_4|5|5,<HI>,,,
hit:14_conv:28,3,sentimental,When I spend time with my father outside by the fire when we are camping.,عندما أقضي الوقت مع والدي في الخارج بالقرب من النار عندما كنا نخيم.,19,Funny - we just built a house where we used to go camping when I was a kid. ,مضحك - لقد بنينا منزلاً حيث اعتدنا الذهاب للتخييم عندما كنت طفلاً.,4|5|4_4|5|5,,,,
hit:14_conv:28,4,sentimental,When I spend time with my father outside by the fire when we are camping.,عندما أقضي الوقت مع والدي في الخارج بالقرب من النار عندما كنا نخيم.,20,I have a ton of backyard space that we have plans for. Camping would be a fun one.,لدي الكثير من المساحات في الفناء الخلفي ولدينا خطط لها. التخييم سيكون ممتعا,4|5|4_4|5|5,,,,
hit:14_conv:28,5,sentimental,When I spend time with my father outside by the fire when we are camping.,عندما أقضي الوقت مع والدي في الخارج بالقرب من النار عندما كنا نخيم.,19,That's wonderful. Do you have any plans to have a fire? ,هذا رائع. هل لديك أي خطط لإشعال حريق؟,4|5|4_4|5|5,,,,
hit:14_conv:28,6,sentimental,When I spend time with my father outside by the fire when we are camping.,عندما أقضي الوقت مع والدي في الخارج بالقرب من النار عندما كنا نخيم.,20,I want to look in to getting a nice fire pit for the house.,أريد أن أبحث في الحصول على حفرة نار جميلة للمنزل.,4|5|4_4|5|5,,,,
hit:14_conv:29,1,joyful,I was so happy when I moved in to my new home. My girlfriend and I have been saving for awhile and we finally got the keys last month. Now we can finally move on with our life plans.,كنت سعيدًا جدًا عندما انتقلت إلى منزلي الجديد. كنت أنا وصديقي ندخر لفترة من الوقت وحصلنا أخيرًا على المفاتيح الشهر الماضي. الآن يمكننا أخيرًا المضي قدمًا في خطط حياتنا.,20,Planning out my new home has turned out to be a blast!,لقد تحول التخطيط لمنزلي الجديد إلى انفجار!,4|5|5_4|5|4,,,,
hit:14_conv:29,2,joyful,I was so happy when I moved in to my new home. My girlfriend and I have been saving for awhile and we finally got the keys last month. Now we can finally move on with our life plans.,كنت سعيدًا جدًا عندما انتقلت إلى منزلي الجديد. كنت أنا وصديقي ندخر لفترة من الوقت وحصلنا أخيرًا على المفاتيح الشهر الماضي. الآن يمكننا أخيرًا المضي قدمًا في خطط حياتنا.,19,What kind of house are you building? ,ما نوع المنزل الذي تبنيه؟,4|5|5_4|5|4,,,,
hit:14_conv:29,3,joyful,I was so happy when I moved in to my new home. My girlfriend and I have been saving for awhile and we finally got the keys last month. Now we can finally move on with our life plans.,كنت سعيدًا جدًا عندما انتقلت إلى منزلي الجديد. كنت أنا وصديقي ندخر لفترة من الوقت وحصلنا أخيرًا على المفاتيح الشهر الماضي. الآن يمكننا أخيرًا المضي قدمًا في خطط حياتنا.,20,I just moved in so it is already built. Just working on planning out decorating and appliances and such.,لقد انتقلت للتو لذلك تم بناؤه بالفعل. فقط أعمل على تخطيط الديكور والأجهزة المنزلية وما شابه.,4|5|5_4|5|4,,,,
hit:14_conv:29,4,joyful,I was so happy when I moved in to my new home. My girlfriend and I have been saving for awhile and we finally got the keys last month. Now we can finally move on with our life plans.,كنت سعيدًا جدًا عندما انتقلت إلى منزلي الجديد. كنت أنا وصديقي ندخر لفترة من الوقت وحصلنا أخيرًا على المفاتيح الشهر الماضي. الآن يمكننا أخيرًا المضي قدمًا في خطط حياتنا.,19,That sounds great. What are you most excited for? ,هذا يبدو رائعًا. ما هي أكثر الأمور التي متحمس ل؟,4|5|5_4|5|4,,,,
hit:14_conv:29,5,joyful,I was so happy when I moved in to my new home. My girlfriend and I have been saving for awhile and we finally got the keys last month. Now we can finally move on with our life plans.,كنت سعيدًا جدًا عندما انتقلت إلى منزلي الجديد. كنت أنا وصديقي ندخر لفترة من الوقت وحصلنا أخيرًا على المفاتيح الشهر الماضي. الآن يمكننا أخيرًا المضي قدمًا في خطط حياتنا.,20,I think I am most excited for all the space I have. I can have friends over and not feel cramped.,أعتقد أنني متحمس للغاية لكل المساحة التي أمتلكها. يمكن أن يكون لدي أصدقاء ولا أشعر بالضيق.,4|5|5_4|5|4,,,,
hit:15_conv:30,1,ashamed,I went to a party and it was real bad. ,ذهبت إلى حفلة وكان الأمر سيئًا حقًا.,21,I never took a drink before and my friends were all over me to take a drink,لم أشرب شرابًا من قبل وكان أصدقائي ينتشرون معي لتناول مشروب,5|5|5_5|5|5,,,,
hit:15_conv:30,2,ashamed,I went to a party and it was real bad. ,ذهبت إلى حفلة وكان الأمر سيئًا حقًا.,22,Why did you feel guilty for taking a drink?,لماذا شعرت بالذنب لتناولك الشراب؟,5|5|5_5|5|5,,,,
hit:15_conv:30,3,ashamed,I went to a party and it was real bad. ,ذهبت إلى حفلة وكان الأمر سيئًا حقًا.,21,It was not my thing and the moment I took I did wrong. Later in the night I started feeling bad.,"لم يكن ذلك شيئًا بالنسبة لي ، وفي اللحظة التي التقطت فيها ، ارتكبت خطأ. في وقت لاحق من الليل بدأت أشعر بالسوء.",5|5|5_5|5|5,,,,
hit:15_conv:30,4,ashamed,I went to a party and it was real bad. ,ذهبت إلى حفلة وكان الأمر سيئًا حقًا.,22,I can understand. I am not a big drinker myself_comma_ but I wouldn't feel guilty about it.  Not unless you promised someone you wouldn't drink.,"أستطيع أن أفهم. أنا لست من الأشخاص الذين يشربون الخمر كثيرًا ، لكنني لن أشعر بالذنب حيال ذلك. ليس إلا إذا وعدت شخصًا ما لن تشربه.",5|5|5_5|5|5,,,,
hit:15_conv:30,5,ashamed,I went to a party and it was real bad. ,ذهبت إلى حفلة وكان الأمر سيئًا حقًا.,21,Yeah I did to my mum and dad...When I started vomiting I mess my dress and mum knew. ,"نعم فعلت لأمي وأبي ... عندما بدأت في التقيؤ ، أفسدت ثوبي وعرفت أمي.",5|5|5_5|5|5,,,,
hit:15_conv:30,6,ashamed,I went to a party and it was real bad. ,ذهبت إلى حفلة وكان الأمر سيئًا حقًا.,22,Oh yea I can understand that then... Well I am sure you learned your lesson_comma_ right?,"أوه نعم أستطيع أن أفهم ذلك ... حسنًا ، أنا متأكد من أنك تعلمت درسك ، أليس كذلك؟",5|5|5_5|5|5,,,,
hit:15_conv:30,7,ashamed,I went to a party and it was real bad. ,ذهبت إلى حفلة وكان الأمر سيئًا حقًا.,21,Yeah bad...anyway bye...Thanks for the chat. ,نعم سيئة ... على أي حال وداعا ... شكرا على الدردشة.,5|5|5_5|5|5,,,,
hit:15_conv:31,1,guilty,After learning my husband of only 4 weeks was cheating on me I did the same to him. Not only was it before our marriage but I had found texts of him contacting her for sex after. To make it worse I slept with a close family friend of his.,"بعد أن علمت أن زوجي كان يخونني لمدة 4 أسابيع فقط ، فعلت نفس الشيء معه. لم يكن ذلك قبل زواجنا فقط ولكنني وجدت نصوصًا له وهو يتصل بها لممارسة الجنس بعد ذلك. ومما زاد الطين بلة أنني أنام مع صديق مقرب من عائلته.",22,I was only married for 4 weeks when I learned my husband was having an affair and ongoing after the wedding. I got him back by sleeping with a close family friend. I felt guilty and ashamed because it was out of character.,تزوجت لمدة 4 أسابيع فقط عندما علمت أن زوجي على علاقة غرامية وأنه مستمر بعد الزفاف. لقد استعادته من خلال النوم مع صديق مقرب من العائلة. شعرت بالذنب والخجل لأن ذلك كان خارج عن طبيعتي.,5|5|5_5|5|5,,,,
hit:15_conv:31,2,guilty,After learning my husband of only 4 weeks was cheating on me I did the same to him. Not only was it before our marriage but I had found texts of him contacting her for sex after. To make it worse I slept with a close family friend of his.,"بعد أن علمت أن زوجي كان يخونني لمدة 4 أسابيع فقط ، فعلت نفس الشيء معه. لم يكن ذلك قبل زواجنا فقط ولكنني وجدت نصوصًا له وهو يتصل بها لممارسة الجنس بعد ذلك. ومما زاد الطين بلة أنني أنام مع صديق مقرب من عائلته.",21,Yeah that sounds really sad. I am sorry for what you went through. ,"نعم ، هذا يبدو حزينًا حقًا. أنا آسف لما مررت به.",5|5|5_5|5|5,,,,
hit:15_conv:31,3,guilty,After learning my husband of only 4 weeks was cheating on me I did the same to him. Not only was it before our marriage but I had found texts of him contacting her for sex after. To make it worse I slept with a close family friend of his.,"بعد أن علمت أن زوجي كان يخونني لمدة 4 أسابيع فقط ، فعلت نفس الشيء معه. لم يكن ذلك قبل زواجنا فقط ولكنني وجدت نصوصًا له وهو يتصل بها لممارسة الجنس بعد ذلك. ومما زاد الطين بلة أنني أنام مع صديق مقرب من عائلته.",22,Well I choose to stay and work it out_comma_ but I never told him. It has been 3 years.,"حسنًا ، اخترت البقاء والعمل بها ، لكنني لم أخبره أبدًا. لقد مرت 3 سنوات.",5|5|5_5|5|5,,,,
hit:15_conv:31,4,guilty,After learning my husband of only 4 weeks was cheating on me I did the same to him. Not only was it before our marriage but I had found texts of him contacting her for sex after. To make it worse I slept with a close family friend of his.,"بعد أن علمت أن زوجي كان يخونني لمدة 4 أسابيع فقط ، فعلت نفس الشيء معه. لم يكن ذلك قبل زواجنا فقط ولكنني وجدت نصوصًا له وهو يتصل بها لممارسة الجنس بعد ذلك. ومما زاد الطين بلة أنني أنام مع صديق مقرب من عائلته.",21,Yeah maybe that was a good decision that you made. ,"نعم ، ربما كان هذا قرارًا جيدًا اتخذته.",5|5|5_5|5|5,,,,
hit:15_conv:31,5,guilty,After learning my husband of only 4 weeks was cheating on me I did the same to him. Not only was it before our marriage but I had found texts of him contacting her for sex after. To make it worse I slept with a close family friend of his.,"بعد أن علمت أن زوجي كان يخونني لمدة 4 أسابيع فقط ، فعلت نفس الشيء معه. لم يكن ذلك قبل زواجنا فقط ولكنني وجدت نصوصًا له وهو يتصل بها لممارسة الجنس بعد ذلك. ومما زاد الطين بلة أنني أنام مع صديق مقرب من عائلته.",22,Well I thought I would be feel better but because I am not the cheating kind_comma_ I still feel guilty.,"حسنًا ، اعتقدت أنني سأشعر بتحسن ، لكن لأنني لست من النوع الخائن ، ما زلت أشعر بالذنب.",5|5|5_5|5|5,,,,
hit:16_conv:32,1,surprised,when I was younger_comma_ my parents picked me up from work with a new car_comma_ which really surprised me_comma_ I was so excited to have my own car!,"عندما كنت أصغر سنًا ، اصطحبني والداي من العمل بسيارة جديدة ، الأمر الذي أدهشني حقًا ، لقد كنت متحمسًا جدًا لامتلاك سيارتي الخاصة!",10,When I was working my first job_comma_ my parents picked me up in my new car_comma_ I was very surprised_comma_ i thought I was gonna have to buy my own car,"عندما كنت أعمل في وظيفتي الأولى ، أخذني والداي في سيارتي الجديدة ، كنت مندهشا للغاية ، اعتقدت أنني سأضطر إلى شراء سيارتي الخاصة",4|4|33_3|5|5,,,,
hit:16_conv:32,2,surprised,when I was younger_comma_ my parents picked me up from work with a new car_comma_ which really surprised me_comma_ I was so excited to have my own car!,"عندما كنت أصغر سنًا ، اصطحبني والداي من العمل بسيارة جديدة ، الأمر الذي أدهشني حقًا ، لقد كنت متحمسًا جدًا لامتلاك سيارتي الخاصة!",23,wow_comma_ that was so awesome of them!,"واو ، كان هذا رائعًا جدًا منهم!",4|4|33_3|5|5,,,,
hit:16_conv:32,3,surprised,when I was younger_comma_ my parents picked me up from work with a new car_comma_ which really surprised me_comma_ I was so excited to have my own car!,"عندما كنت أصغر سنًا ، اصطحبني والداي من العمل بسيارة جديدة ، الأمر الذي أدهشني حقًا ، لقد كنت متحمسًا جدًا لامتلاك سيارتي الخاصة!",10,Yeah it really was_comma_ I am still very thankful of them,"نعم كان الأمر كذلك حقًا ، ما زلت ممتنًا جدًا لهم",4|4|33_3|5|5,,,,
hit:16_conv:32,4,surprised,when I was younger_comma_ my parents picked me up from work with a new car_comma_ which really surprised me_comma_ I was so excited to have my own car!,"عندما كنت أصغر سنًا ، اصطحبني والداي من العمل بسيارة جديدة ، الأمر الذي أدهشني حقًا ، لقد كنت متحمسًا جدًا لامتلاك سيارتي الخاصة!",23,I had to buy my first car and it wasn't until I was 21 that I could afford it. ,اضطررت إلى شراء سيارتي الأولى ولم أستطع تحمل تكاليفها حتى بلغت 21 عامًا.,4|4|33_3|5|5,,,,
hit:16_conv:33,1,nostalgic,I get wistful remembering my high school days.,أشعر بالحزن عندما أتذكر أيام دراستي الثانوية.,23,I'm nearing 40 and I find myself thinking a lot about my teen years and early twenties. The friends I had then and the fun we had.,أنا أقترب من سن الأربعين وأجد نفسي أفكر كثيرًا في سنوات المراهقة وأوائل العشرينات من عمري. الأصدقاء الذين حظيت بهم آنذاك والمتعة التي حظينا بها.,3|5|5_4|4|33,,,,
hit:16_conv:33,2,nostalgic,I get wistful remembering my high school days.,أشعر بالحزن عندما أتذكر أيام دراستي الثانوية.,10,That is where I am still at_comma_ I am scared I will have regrets when I get older,"هذا هو المكان الذي ما زلت فيه ، وأخشى أن أشعر بالندم عندما أكبر",3|5|5_4|4|33,,,,
hit:16_conv:33,3,nostalgic,I get wistful remembering my high school days.,أشعر بالحزن عندما أتذكر أيام دراستي الثانوية.,23,I don',أنا لا,3|5|5_4|4|33,,,,
hit:16_conv:33,4,nostalgic,I get wistful remembering my high school days.,أشعر بالحزن عندما أتذكر أيام دراستي الثانوية.,10,That is good_comma_ I am glad you have no regrets!,"هذا جيد ، أنا سعيد لأنك لم تندم!",3|5|5_4|4|33,,,,
